{
    "\uc0bc\uc131\ud654\uc7ac": {
        "2": {
            "ROI_1": {
                "coords": [
                    262.72727272727275,
                    707.5445026178011,
                    303.57142857142856,
                    720.7696335078534
                ],
                "color": "red"
            }
        },
        "12": {
            "ROI_1": {
                "coords": [
                    155.64935064935065,
                    257.89005235602093,
                    214.15584415584416,
                    273.31937172774866
                ],
                "color": null
            },
            "ROI_2": {
                "coords": [
                    129.15584415584416,
                    275.5235602094241,
                    182.14285714285714,
                    295.3612565445026
                ],
                "color": null
            },
            "ROI_3": {
                "coords": [
                    62.922077922077925,
                    295.3612565445026,
                    97.14285714285714,
                    315.19895287958116
                ],
                "color": null
            }
        },
        "13": {
            "ROI_1": {
                "coords": [
                    81.68831168831169,
                    228.13350785340313,
                    156.75324675324674,
                    247.97120418848166
                ],
                "color": null
            },
            "ROI_2": {
                "coords": [
                    83.8961038961039,
                    301.9738219895288,
                    150.12987012987014,
                    328.4240837696335
                ],
                "color": null
            },
            "ROI_3": {
                "coords": [
                    83.8961038961039,
                    489.32984293193715,
                    149.02597402597402,
                    511.37172774869106
                ],
                "color": null
            },
            "ROI_4": {
                "coords": [
                    85.0,
                    646.9293193717277,
                    147.92207792207793,
                    673.3795811518324
                ],
                "color": null
            }
        },
        "14": {
            "ROI_1": {
                "coords": [
                    145.71428571428572,
                    371.40575916230364,
                    204.2207792207792,
                    397.85602094240835
                ],
                "color": null
            },
            "ROI_2": {
                "coords": [
                    302.46753246753246,
                    364.79319371727746,
                    463.6363636363636,
                    393.4476439790576
                ],
                "color": null
            },
            "ROI_3": {
                "coords": [
                    205.32467532467533,
                    452.9607329842932,
                    413.961038961039,
                    472.79842931937173
                ],
                "color": null
            },
            "ROI_4": {
                "coords": [
                    171.1038961038961,
                    475.0026178010471,
                    214.15584415584416,
                    493.73821989528795
                ],
                "color": null
            },
            "ROI_5": {
                "coords": [
                    296.94805194805195,
                    494.84031413612564,
                    498.961038961039,
                    514.6780104712042
                ],
                "color": null
            },
            "ROI_6": {
                "coords": [
                    515.5194805194806,
                    498.1465968586387,
                    548.6363636363636,
                    511.37172774869106
                ],
                "color": null
            },
            "ROI_7": {
                "coords": [
                    183.24675324675326,
                    597.3350785340314,
                    252.7922077922078,
                    616.0706806282723
                ],
                "color": null
            },
            "ROI_8": {
                "coords": [
                    468.05194805194805,
                    600.6413612565445,
                    522.1428571428571,
                    617.17277486911
                ],
                "color": null
            },
            "ROI_9": {
                "coords": [
                    530.974025974026,
                    602.8455497382199,
                    548.6363636363636,
                    614.9685863874346
                ],
                "color": null
            },
            "ROI_10": {
                "coords": [
                    444.87012987012986,
                    622.6832460732984,
                    517.7272727272727,
                    637.0104712041884
                ],
                "color": null
            },
            "ROI_11": {
                "coords": [
                    529.8701298701299,
                    620.479057591623,
                    560.7792207792207,
                    645.82722513089
                ],
                "color": null
            }
        },
        "15": {
            "ROI_1": {
                "coords": [
                    354.35064935064935,
                    419.8979057591623,
                    533.1818181818181,
                    473.9005235602094
                ],
                "color": null
            },
            "ROI_2": {
                "coords": [
                    353.24675324675326,
                    489.32984293193715,
                    549.7402597402597,
                    545.5366492146596
                ],
                "color": null
            },
            "ROI_3": {
                "coords": [
                    360.97402597402595,
                    611.6623036649214,
                    539.8051948051948,
                    665.6649214659685
                ],
                "color": null
            }
        },
        "16": {
            "ROI_1": {
                "coords": [
                    363.1818181818182,
                    389.0392670157068,
                    529.8701298701299,
                    441.9397905759162
                ],
                "color": null
            },
            "ROI_2": {
                "coords": [
                    354.35064935064935,
                    449.6544502617801,
                    545.3246753246754,
                    495.94240837696333
                ],
                "color": null
            },
            "ROI_3": {
                "coords": [
                    347.72727272727275,
                    543.3324607329843,
                    544.2207792207793,
                    605.0497382198953
                ],
                "color": null
            },
            "ROI_4": {
                "coords": [
                    349.93506493506493,
                    624.8874345549738,
                    537.5974025974026,
                    674.4816753926701
                ],
                "color": null
            }
        },
        "17": {
            "ROI_1": {
                "coords": [
                    354.35064935064935,
                    326.2198952879581,
                    530.974025974026,
                    376.91623036649213
                ],
                "color": null
            },
            "ROI_2": {
                "coords": [
                    364.2857142857143,
                    421.0,
                    561.8831168831168,
                    475.0026178010471
                ],
                "color": null
            },