{
  "삼성화재": {
    "original_pdf_path": "C:/Users/USER/dev/pdfdiff/templates/삼성화재/삼성화재.pdf",
    "rois": {
      "피해보상": {
        "page": 2,
        "coords": [
          255.69246435845216,
          707.6985743380856,
          307.8004073319756,
          723.4521384928717
        ],
        "method": "contour",
        "threshold": 500
      },
      "알림의무": {
        "page": 12,
        "coords": [
          151.4765784114053,
          258.1160896130346,
          220.54989816700612,
          276.2932790224033
        ],
        "method": "contour",
        "threshold": 500
      },
      "구두": {
        "page": 12,
        "coords": [
          122.39307535641548,
          277.5050916496945,
          180.5600814663951,
          293.25865580448067
        ],
        "method": "contour",
        "threshold": 500
      },
      "해지": {
        "page": 12,
        "coords": [
          49.68431771894094,
          294.4704684317719,
          103.0040733197556,
          311.4358452138493
        ],
        "method": "contour",
        "threshold": 500
      }
    }
  },
  "테스트": {
    "original_pdf_path": "C:/Users/USER/dev/pdfdiff/templates/삼성화재/삼성화재.pdf",
    "rois": {
      "체크": {
        "page": 17,
        "coords": [
          352.63747454175154,
          425.3462321792261,
          578.0346232179227,
          477.4541751527495
        ],
        "method": "contour",
        "threshold": 500
      },
      "서명": {
        "page": 17,
        "coords": [
          454.4297352342159,
          512.5967413441955,
          575.6109979633401,
          534.4093686354379
        ],
        "method": "contour",
        "threshold": 500
      }
    }
  },
  "많은 설정": {
    "original_pdf_path": "C:/Users/USER/dev/pdfdiff/templates/삼성화재/삼성화재.pdf",
    "rois": {
      "피해보상": {
        "page": 2,
        "coords": [
          244.78615071283096,
          702.8513238289206,
          329.6130346232179,
          725.8757637474542
        ],
        "method": "contour",
        "threshold": 500
      },
      "알릴의무": {
        "page": 12,
        "coords": [
          138.14663951120164,
          253.26883910386965,
          235.09164969450103,
          278.71690427698576
        ],
        "method": "contour",
        "threshold": 500
      },
      "해지": {
        "page": 12,
        "coords": [
          58.16700610997964,
          287.1995926680244,
          100.58044806517312,
          317.4949083503055
        ],
        "method": "contour",
        "threshold": 500
      },
      "구두": {
        "page": 12,
        "coords": [
          126.02851323828921,
          276.2932790224033,
          173.28920570264765,
          294.4704684317719
        ],
        "method": "contour",
        "threshold": 500
      },
      "체크박스": {
        "page": 14,
        "coords": [
          458.0651731160896,
          244.78615071283096,
          479.87780040733196,
          259.3279022403259
        ],
        "method": "contour",
        "threshold": 500
      },
      "이름": {
        "page": 14,
        "coords": [
          145.4175152749491,
          370.81466395112017,
          195.10183299389,
          391.41547861507127
        ],
        "method": "contour",
        "threshold": 500
      },
      "내용1": {
        "page": 14,
        "coords": [
          321.13034623217925,
          372.0264765784114,
          462.9124236252546,
          393.8391038696538
        ],
        "method": "contour",
        "threshold": 500
      },
      "이름2": {
        "page": 14,
        "coords": [
          150.26476578411405,
          467.7596741344196,
          214.4908350305499,
          488.3604887983707
        ],
        "method": "contour",
        "threshold": 500
      },
      "내용2": {
        "page": 14,
        "coords": [
          216.91446028513238,
          449.5824847250509,
          402.32179226069246,
          475.030549898167
        ],
        "method": "contour",
        "threshold": 500
      },
      "내용3": {
        "page": 14,
        "coords": [
          299.31771894093686,
          498.05498981670064,
          501.69042769857435,
          519.867617107943
        ],
        "method": "contour",
        "threshold": 500
      },
      "서명1": {
        "page": 14,
        "coords": [
          519.867617107943,
          496.8431771894094,
          556.2219959266803,
          523.5030549898167
        ],
        "method": "contour",
        "threshold": 500
      },
      "써야함": {
        "page": 14,
        "coords": [
          175.71283095723015,
          597.4236252545825,
          259.3279022403259,
          626.5071283095723
        ],
        "method": "contour",
        "threshold": 500
      },
      "이름3": {
        "page": 14,
        "coords": [
          453.2179226069247,
          599.847250509165,
          530.7739307535642,
          616.8126272912424
        ],
        "method": "contour",
        "threshold": 500
      },
      "서명2": {
        "page": 14,
        "coords": [
          536.8329938900204,
          596.2118126272912,
          561.0692464358452,
          620.4480651731161
        ],
        "method": "contour",
        "threshold": 500
      }
    }
  },
  "서약서": {
    "original_pdf_path": "C:/Users/USER/dev/pdfdiff/releases/PDF_Validator_Portable/templates/서약서.pdf",
    "rois": {
      "년": {
        "page": 0,
        "coords": [
          87.11349859470275,
          477.9143325681609,
          133.09006729746253,
          493.6431587033155
        ],
        "method": "ocr",
        "threshold": 4
      },
      "월": {
        "page": 0,
        "coords": [
          141.55943521639196,
          476.70442286545665,
          170.59726808129287,
          494.85306840601976
        ],
        "method": "ocr",
        "threshold": 2
      },
      "일": {
        "page": 0,
        "coords": [
          176.64681659481388,
          479.12424227086507,
          203.2648300543064,
          494.85306840601976
        ],
        "method": "ocr",
        "threshold": 1
      },
      "팀명": {
        "page": 0,
        "coords": [
          79.8540403784775,
          498.48279751413236,
          235.93239202731993,
          511.7918042438786
        ],
        "method": "ocr",
        "threshold": 3
      },
      "직위/서명": {
        "page": 0,
        "coords": [
          105.26214413526581,
          511.7918042438786,
          233.51257262191152,
          531.1503594871459
        ],
        "method": "ocr",
        "threshold": 5
      },
      "서명": {
        "page": 0,
        "coords": [
          239.56212113543253,
          517.8413527573996,
          292.79814805441754,
          548.0890953250048
        ],
        "method": "contour",
        "threshold": 500
      }
    }
  }
}