{
  "김종혁_삼성화재": {
    "original_pdf_path": "..\\..\\Documents\\네이트온 받은 파일\\김종혁_삼성화재.pdf",
    "rois": {
      "1": {
        "page": 2,
        "coords": [
          266.4232482910156,
          706.837158203125,
          313.1832275390625,
          724.2362670898438
        ],
        "anchor_coords": [
          146.42324829101562,
          696.837158203125,
          261.4232482910156,
          734.2362670898438
        ],
        "method": "contour",
        "threshold": 100
      },
      "2": {
        "page": 3,
        "coords": [
          490.4362487792969,
          185.95254516601562,
          505.6604309082031,
          196.82696533203125
        ],
        "anchor_coords": [
          480.4362487792969,
          125.95254516601562,
          515.6604309082031,
          180.95254516601562
        ],
        "method": "contour",
        "threshold": 100
      },
      "3": {
        "page": 12,
        "coords": [
          163.11627197265625,
          276.210205078125,
          220.7506866455078,
          303.3962707519531
        ],
        "anchor_coords": [
          153.11627197265625,
          216.210205078125,
          230.7506866455078,
          271.210205078125
        ],
        "method": "ocr",
        "threshold": 3
      },
      "4": {
        "page": 12,
        "coords": [
          123.96836853027344,
          295.7841796875,
          169.6409149169922,
          318.6204528808594
        ],
        "anchor_coords": [
          174.6409149169922,
          285.7841796875,
          289.6409149169922,
          328.6204528808594
        ],
        "method": "contour",
        "threshold": 100
      },
      "5": {
        "page": 12,
        "coords": [
          66.33394622802734,
          316.445556640625,
          110.9190673828125,
          334.93206787109375
        ],
        "anchor_coords": [
          56.333946228027344,
          339.93206787109375,
          120.9190673828125,
          394.93206787109375
        ],
        "method": "ocr",
        "threshold": 3
      },
      "6": {
        "page": 13,
        "coords": [
          89.17022705078125,
          250.1116180419922,
          113.09394836425781,
          270.77301025390625
        ],
        "anchor_coords": [
          118.09394836425781,
          240.1116180419922,
          233.0939483642578,
          280.77301025390625
        ],
        "method": "contour",
        "threshold": 100
      },
      "7": {
        "page": 13,
        "coords": [
          95.69487762451172,
          322.97021484375,
          113.09394836425781,
          342.5441589355469
        ],
        "anchor_coords": [
          118.09394836425781,
          312.97021484375,
          233.0939483642578,
          352.5441589355469
        ],
        "method": "contour",
        "threshold": 100
      },
      "8": {
        "page": 13,
        "coords": [
          97.86975860595703,
          502.3981018066406,
          112.00650787353516,
          520.8846435546875
        ],
        "anchor_coords": [
          117.00650787353516,
          492.3981018066406,
          232.00650787353516,
          530.8846435546875
        ],
        "method": "contour",
        "threshold": 100
      },
      "9": {
        "page": 13,
        "coords": [
          138.1051025390625,
          655.7274169921875,
          152.24185180664062,
          670.9515991210938
        ],
        "anchor_coords": [
          128.1051025390625,
          595.7274169921875,
          162.24185180664062,
          650.7274169921875
        ],
        "method": "contour",
        "threshold": 100
      }
    }
  }
}