{
  "비어있는 청약서": {
    "original_pdf_path": "..\\..\\Documents\\네이트온 받은 파일\\비어있는 청약서.pdf",
    "rois": {
      "1": {
        "page": 2,
        "coords": [
          197.98008728027344,
          134.45706176757812,
          211.743408203125,
          148.2203826904297
        ],
        "anchor_coords": [
          77.98008728027344,
          124.45706176757812,
          192.98008728027344,
          158.2203826904297
        ],
        "method": "contour",
        "threshold": 100
      },
      "2": {
        "page": 2,
        "coords": [
          235.03517150878906,
          132.33963012695312,
          251.9746551513672,
          148.2203826904297
        ],
        "anchor_coords": [
          115.03517150878906,
          122.33963012695312,
          230.03517150878906,
          158.2203826904297
        ],
        "method": "contour",
        "threshold": 100
      }
    }
  },
  "17개": {
    "original_pdf_path": "..\\..\\Documents\\네이트온 받은 파일\\비어있는 청약서.pdf",
    "rois": {
      "1": {
        "page": 2,
        "coords": [
          201.8063201904297,
          136.99859619140625,
          208.36912536621094,
          145.2021026611328
        ],
        "anchor_coords": [
          81.80632019042969,
          126.99859619140625,
          196.8063201904297,
          155.2021026611328
        ],
        "method": "contour",
        "threshold": 100
      },
      "2": {
        "page": 2,
        "coords": [
          240.36280822753906,
          136.17825317382812,
          249.3866729736328,
          145.2021026611328
        ],
        "anchor_coords": [
          120.36280822753906,
          126.17825317382812,
          235.36280822753906,
          155.2021026611328
        ],
        "method": "contour",
        "threshold": 100
      },
      "3": {
        "page": 2,
        "coords": [
          287.9431457519531,
          151.76490783691406,
          296.9670104980469,
          159.9684295654297
        ],
        "anchor_coords": [
          167.94314575195312,
          141.76490783691406,
          282.9431457519531,
          169.9684295654297
        ],
        "method": "contour",
        "threshold": 100
      },
      "4": {
        "page": 2,
        "coords": [
          351.9305419921875,
          151.76490783691406,
          359.3136901855469,
          159.1480712890625
        ],
        "anchor_coords": [
          231.9305419921875,
          141.76490783691406,
          346.9305419921875,
          169.1480712890625
        ],
        "method": "contour",
        "threshold": 100
      },
      "5": {
        "page": 2,
        "coords": [
          482.3663330078125,
          285.48211669921875,
          491.3901672363281,
          293.68560791015625
        ],
        "anchor_coords": [
          472.3663330078125,
          298.68560791015625,
          501.3901672363281,
          353.68560791015625
        ],
        "method": "contour",
        "threshold": 100
      },
      "6": {
        "page": 2,
        "coords": [
          524.2042236328125,
          285.48211669921875,
          530.7670288085938,
          292.8652648925781
        ],
        "anchor_coords": [
          514.2042236328125,
          297.8652648925781,
          540.7670288085938,
          352.8652648925781
        ],
        "method": "contour",
        "threshold": 100
      },
      "7": {
        "page": 2,
        "coords": [
          465.1389465332031,
          435.6063232421875,
          540.6112060546875,
          448.73193359375
        ],
        "anchor_coords": [
          455.1389465332031,
          375.6063232421875,
          550.6112060546875,
          430.6063232421875
        ],
        "method": "contour",
        "threshold": 100
      },
      "8": {
        "page": 2,
        "coords": [
          466.7796630859375,
          457.75579833984375,
          539.7908935546875,
          469.2406921386719
        ],
        "anchor_coords": [
          456.7796630859375,
          474.2406921386719,
          549.7908935546875,
          529.2406921386719
        ],
        "method": "contour",
        "threshold": 100
      },
      "9": {
        "page": 2,
        "coords": [
          463.4982604980469,
          478.2645568847656,
          539.7908935546875,
          488.1087646484375
        ],
        "anchor_coords": [
          453.4982604980469,
          493.1087646484375,
          549.7908935546875,
          548.1087646484375
        ],
        "method": "contour",
        "threshold": 100
      },
      "10": {
        "page": 2,
        "coords": [
          208.36912536621094,
          606.2393188476562,
          262.51226806640625,
          633.3109130859375
        ],
        "anchor_coords": [
          198.36912536621094,
          546.2393188476562,
          272.51226806640625,
          601.2393188476562
        ],
        "method": "contour",
        "threshold": 100
      },
      "11": {
        "page": 2,
        "coords": [
          204.26736450195312,
          642.334716796875,
          268.2547302246094,
          671.8673706054688
        ],
        "anchor_coords": [
          194.26736450195312,
          676.8673706054688,
          278.2547302246094,
          731.8673706054688
        ],
        "method": "contour",
        "threshold": 100
      },
      "13": {
        "page": 5,
        "coords": [
          205.90806579589844,
          105.00491333007812,
          260.87158203125,
          123.87298583984375
        ],
        "anchor_coords": [
          195.90806579589844,
          128.87298583984375,
          270.87158203125,
          183.87298583984375
        ],
        "method": "contour",
        "threshold": 100
      },
      "14": {
        "page": 5,
        "coords": [
          206.72842407226562,
          134.5375518798828,
          264.97332763671875,
          155.86666870117188
        ],
        "anchor_coords": [
          196.72842407226562,
          160.86666870117188,
          274.97332763671875,
          215.86666870117188
        ],
        "method": "contour",
        "threshold": 100
      },
      "15": {
        "page": 6,
        "coords": [
          492.2105407714844,
          704.681396484375,
          535.6891479492188,
          720.26806640625
        ],
        "anchor_coords": [
          482.2105407714844,
          644.681396484375,
          545.6891479492188,
          699.681396484375
        ],
        "method": "contour",
        "threshold": 100
      },
      "16": {
        "page": 6,
        "coords": [
          486.46807861328125,
          720.26806640625,
          540.6112060546875,
          735.854736328125
        ],
        "anchor_coords": [
          476.46807861328125,
          660.26806640625,
          550.6112060546875,
          715.26806640625
        ],
        "method": "contour",
        "threshold": 100
      },
      "17": {
        "page": 6,
        "coords": [
          490.56982421875,
          744.8786010742188,
          542.251953125,
          757.183837890625
        ],
        "anchor_coords": [
          480.56982421875,
          762.183837890625,
          552.251953125,
          817.183837890625
        ],
        "method": "contour",
        "threshold": 100
      }
    }
  }
}